{
  "title": "Sobre nós",
  "meta_title": "A nossa missão é e sempre será  foco no cliente com um atendimento eficaz, rápido e correto.",
  "meta_description": "Os nossos valores são integridade, profissionalismo e paixão pelo trabalho. Os nossos compromissos são a qualidade em nosso produto e satisfação dos nossos clientes.            ",
  "body": "### A﻿ FMY artefatos de cimento atua no ramo a mais de 20 anos, distribuindo muito além de produtos, Construimos a nossa história e reputação agindo com honestidade e um trabalho muito sério.\n\n### Contamos com um time vencedor (desde fornecedores até colaboradores), assim é natural que boas ideias surjam. Nos diferenciamos no atendimento e na qualidade de nossas peças.",
  "sections": []
}