{
  "marketing_stripe": {
    "text": "A sua fábrica de artefatos de cimento.",
    "link": "",
    "background": "#264653",
    "color": "#17534c"
  },
  "contacts_stripe": {
    "pages": [
      {
        "title": "Posso todas as coisas naquele que me fortalece (Filipenses 4:13)"
      }
    ],
    "phone_wpp": true,
    "socials": true
  },
  "categories_list": {
    "featured": [],
    "random": 0,
    "full_width": false
  },
  "desktop_megamenu": false,
  "search_input": true,
  "alphabetical_order_submenu": true,
  "full_width_submenu": false
}