{
  "meta_title": "fábrica de artefatos de cimento",
  "meta_description": "fábrica de artefatos de cimento",
  "sections": [
    {
      "type": "banner-slider",
      "autoplay": 9000,
      "full_width": true,
      "slides": [
        {
          "img": "/img/uploads/img-20201219-wa0138.jpg",
          "link": "/headset",
          "alt": "Headset banner",
          "start": "2020-04-11T05:54:06.750Z",
          "end": "2020-12-31T03:00:00.000Z",
          "mobile_img": "/img/uploads/img-20201219-wa0138.jpg"
        },
        {
          "start": "",
          "end": "",
          "img": "/img/uploads/img-20201219-wa0138.jpg",
          "alt": "Banner sample two",
          "mobile_img": "/img/uploads/img-20201219-wa0138.jpg"
        }
      ]
    },
    {
      "type": "collection-shelf",
      "shuffle": true,
      "collection_id": null,
      "sort": "views",
      "title": "",
      "headless": false,
      "limit": 20,
      "page": 1
    },
    {
      "type": "info-bar",
      "enabled": true
    }
  ]
}